Date;Price;Dividend;price dividend ratio;PV ratio
1871.01;79.61;4.66;17.07692308;100
1871.02;78.29;4.52;17.30769231;101.3513514
1871.03;79.04;4.46;17.73076923;103.8288288
1871.04;84.34;4.63;18.23076923;106.7567568
1871.05;88.49;4.73;18.69230769;109.4594595
1871.06;89.14;4.81;18.53846154;108.5585586
1871.07;87.48;4.81;18.19230769;106.5315315
1871.08;90.01;4.89;18.42307692;107.8828829
1871.09;88.82;4.77;18.61538462;109.009009
1871.1;82.93;4.7;17.65384615;103.3783784
1871.11;83.84;4.7;17.84615385;104.5045045
1871.12;83.71;4.59;18.23076923;106.7567568
1872.01;85.83;4.65;18.45803266;108.0875787
1872.02;86.18;4.71;18.29771279;107.1487686
1872.03;87.69;4.7;18.66666667;109.3093093
1872.04;88.17;4.65;18.95353092;110.989145
1872.05;88.17;4.71;18.72063607;109.6253463
1872.06;87.95;4.8;18.32142857;107.2876448
1872.07;88.73;4.93;18.0021179;105.4178075
1872.08;87.04;4.95;17.57935124;102.9421469
1872.09;84.87;4.97;17.06896552;99.95340168
1872.1;87.12;5.14;16.9451074;99.22810639
1872.11;84.25;5.05;16.68351871;97.69628071
1872.12;87.56;5.18;16.9;98.96396396
1873.01;88.25;5.22;16.89256198;98.92040801
1873.02;87.03;5.15;16.8852459;98.87756609
1873.03;86.35;5.2;16.61788618;97.31194609
1873.04;85.17;5.24;16.25806452;95.2048823
1873.05;87.22;5.4;16.16;94.63063063
1873.06;88.61;5.61;15.80952381;92.57829258
1873.07;88.44;5.65;15.65354331;91.66489324
1873.08;88.44;5.69;15.53125;90.94876126
1873.09;81.68;5.74;14.23255814;83.34380893
1873.1;76.29;5.92;12.89230769;75.4954955
1873.11;75.91;6.15;12.33587786;72.23712262
1873.12;81.11;6.06;13.39393939;78.43297843
1874.01;84.2;5.96;14.12121212;82.69178269
1874.02;86.73;5.96;14.54545455;85.17608518
1874.03;85.46;5.96;14.33333333;83.93393393
1874.04;84.41;6.06;13.93939394;81.62708163
1874.05;82.86;6.1;13.57575758;79.4976795
1874.06;84.48;6.25;13.51515152;79.14277914
1874.07;83.81;6.2;13.51515152;79.14277914
1874.08;84.67;6.25;13.54545455;79.32022932
1874.09;86;6.25;13.75757576;80.56238056
1874.1;87.22;6.35;13.72727273;80.38493038
1874.11;88.71;6.41;13.84848485;81.09473109
1874.12;88.13;6.41;13.75757576;80.56238056
1875.01;88.13;6.36;13.86259542;81.17736057
1875.02;87.94;6.31;13.93846154;81.62162162
1875.03;89.1;6.26;14.23255814;83.34380893
1875.04;89.53;6.16;14.53125;85.09290541
1875.05;88.23;6.27;14.07874016;82.44307299
1875.06;87.93;6.32;13.9047619;81.42428142
1875.07;88.13;6.27;14.048;82.26306306
1875.08;87.78;6.17;14.22580645;83.30427201
1875.09;87.73;6.17;14.21138211;83.21980517
1875.1;86.32;6.12;14.09836066;82.5579678
1875.11;88.49;6.13;14.44628099;84.59533914
1875.12;89.26;6.13;14.56666667;85.3003003
1876.01;91.89;6.18;14.86666667;87.05705706
1876.02;93.13;6.18;15.06666667;88.22822823
1876.03;92.92;6.18;15.03333333;88.03303303
1876.04;90.21;6.24;14.46666667;84.71471471
1876.05;90.07;6.46;13.93333333;81.59159159
1876.06;91.96;6.65;13.83333333;81.00600601
1876.07;90.85;6.65;13.66666667;80.03003003
1876.08;86.27;6.59;13.1;76.71171171
1876.09;80.25;6.52;12.3;72.02702703
1876.1;78.37;6.41;12.23333333;71.63663664
1876.11;76.18;6.35;12;70.27027027
1876.12;74.41;6.24;11.93333333;69.87987988
1877.01;72.51;5.94;12.20770289;71.48654845
1877.02;70.05;5.91;11.85658502;69.43045282
1877.03;69.59;5.98;11.63302752;68.12133234
1877.04;62.78;5.62;11.16597038;65.38631301
1877.05;61.66;5.33;11.5656963;67.72705042
1877.06;60.49;5.43;11.14285714;65.25096525
1877.07;62.56;5.18;12.08651399;70.77688375
1877.08;69.55;5.17;13.45390384;78.78412157
1877.09;74.61;5.01;14.89655172;87.23205965
1877.1;76.22;4.8;15.89054249;93.05272627
1877.11;76.57;4.68;16.36546185;95.83378559
1877.12;76.34;4.46;17.10526316;100.1659554
1878.01;78.7;4.58;17.17758985;100.5894901
1878.02;77.8;4.61;16.88794477;98.89337027
1878.03;80.96;4.69;17.28;101.1891892
1878.04;84.1;4.72;17.8361007;104.4456347
1878.05;87.17;4.85;17.97631862;105.2667307
1878.06;91.02;4.94;18.43243243;107.9376674
1878.07;91.84;4.86;18.89250814;110.6318044
1878.08;90.04;4.78;18.82160393;110.2165996
1878.09;91.87;4.76;19.28767123;112.9458225
1878.1;91.84;4.8;19.15244909;112.1539812
1878.11;92.62;4.83;19.19247788;112.388384
1878.12;94.23;4.92;19.16666667;112.2372372
1879.01;96.65;4.91;19.70280682;115.3767967
1879.02;99.02;4.89;20.24004364;118.5227781
1879.03;98.54;4.99;19.72972973;115.5344534
1879.04;102.97;5.1;20.19282271;118.2462591
1879.05;107.61;5.14;20.92405736;122.5282638
1879.06;109.43;5.25;20.84210526;122.0483642
1879.07;110.34;5.24;21.07459572;123.4097948
1879.08;111.16;5.28;21.05535437;123.2971202
1879.09;111.37;5.15;21.64102564;126.7267267
1879.1;116.94;4.92;23.79257753;139.3259045
1879.11;116.97;4.7;24.86132123;145.5843135
1879.12;113.3;4.61;24.6;144.0540541
1880.01;114.31;4.59;24.92682927;145.9679191
1880.02;116.32;4.7;24.76190476;145.002145
1880.03;117.44;4.76;24.65116279;144.353656
1880.04;119.28;5.07;23.54545455;137.8787879
1880.05;113.17;5.34;21.2;124.1441441
1880.06;115.99;5.57;20.82608696;121.9545633
1880.07;121.32;5.69;21.31914894;124.8418631
1880.08;125.68;5.81;21.625;126.6328829
1880.09;124.15;5.87;21.14285714;123.8095238
1880.1;127.75;5.99;21.32;124.8468468
1880.11;133.1;6.05;22;128.8288288
1880.12;137.17;6.11;22.46153846;131.5315315
1881.01;146.86;6.29;23.35849057;136.7839538
1881.02;144.92;6.34;22.85185185;133.8171505
1881.03;146.57;6.46;22.69090909;132.8746929
1881.04;144.65;6.51;22.21428571;130.0836551
1881.05;152.67;6.69;22.80701754;133.5546072
1881.06;154.55;6.81;22.68965517;132.8673501
1881.07;147.67;6.86;21.52542373;126.0497786
1881.08;141.39;6.84;20.66666667;121.021021
1881.09;137.2;6.7;20.49180328;119.9970462
1881.1;133.75;6.74;19.83870968;116.1726242
1881.11;135.88;6.91;19.65079365;115.0722151
1881.12;131.93;7.02;18.78125;109.9802928
1882.01;129.95;7.02;18.5;108.3333333
1882.02;125.92;6.96;18.09375;105.9543919
1882.03;125.71;6.96;18.0625;105.7713964
1882.04;124.55;6.9;18.0625;105.7713964
1882.05;121.93;6.83;17.84375;104.4904279
1882.06;120.19;6.77;17.75;103.9414414
1882.07;128.12;6.83;18.75;109.7972973
1882.08;130.77;6.77;19.3125;113.0912162
1882.09;135.71;6.96;19.5;114.1891892
1882.1;133.25;7.02;18.96875;111.0782658
1882.11;128.74;7.09;18.15625;106.3203829
1882.12;130.64;7.16;18.25;106.8693694
1883.01;129.97;7.18;18.11097257;106.0552448
1883.02;125.86;7.13;17.65620143;103.3921705
1883.03;128.63;7.21;17.82945736;104.4067323
1883.04;132.57;7.3;18.15651098;106.3219111
1883.05;131.58;7.39;17.79765577;104.2205067
1883.06;136.7;7.63;17.90769231;104.8648649
1883.07;137.33;7.81;17.58747698;102.9897301
1883.08;131.1;7.83;16.74318947;98.04570411
1883.09;133.91;7.93;16.88549618;98.8790317
1883.1;130.28;7.95;16.3874505;95.96254799
1883.11;133.59;8.05;16.58566221;97.12324718
1883.12;129.31;7.99;16.18181818;94.75839476
1884.01;125.43;7.95;15.7782516;92.39516702
1884.02;128.82;7.91;16.28405265;95.35706505
1884.03;128.34;7.87;16.30769231;95.4954955
1884.04;125.11;7.99;15.65109805;91.65057417
1884.05;117.44;8.12;14.45446068;84.6432382
1884.06;112.64;8.08;13.9375;81.61599099
1884.07;113.87;8.13;14.01193842;82.05189167
1884.08;121.02;8.09;14.9668456;87.64369042
1884.09;118.47;8.13;14.57142857;85.32818533
1884.1;115.88;8.18;14.1717204;82.98755187
1884.11;116.11;8.32;13.95572666;81.72272369
1884.12;117.17;8.37;14;81.98198198
1885.01;114.47;8.21;13.93819855;81.62008162
1885.02;116.64;7.96;14.64968153;85.78642337
1885.03;119.63;7.99;14.97435897;87.68768769
1885.04;117.98;7.74;15.24241367;89.25737736
1885.05;119.38;7.76;15.38461538;90.09009009
1885.06;121.69;7.78;15.63636364;91.56429156
1885.07;124.71;7.53;16.56760773;97.01752272
1885.08;131.7;7.36;17.8883403;104.7515423
1885.09;131.59;7.29;18.05825243;105.7465232
1885.1;139.23;7.12;19.54707986;114.464882
1885.11;146.52;6.87;21.31814483;124.8359833
1885.12;142.02;6.55;21.66666667;126.8768769
1886.01;145.4;6.66;21.82123374;127.7819994
1886.02;148.2;6.62;22.39121251;131.1197129
1886.03;146.87;6.65;22.08510638;129.3271995
1886.04;146.66;6.68;21.94599228;128.5125674
1886.05;147.39;6.8;21.66594735;126.8726646
1886.06;156.09;6.84;22.82608696;133.666275
1886.07;156.49;6.7;23.34647394;136.7135861
1886.08;155.72;6.57;23.68769299;138.7117157
1886.09;159.78;6.52;24.48888889;143.4034034
1886.1;163.84;6.48;25.30228392;148.1665275
1886.11;167.9;6.43;26.11637348;152.9337186
1886.12;161.55;6.3;25.63636364;150.1228501
1887.01;156.03;6.22;25.07865169;146.8569693
1887.02;153.09;6.22;24.62222222;144.1841842
1887.03;156.68;6.29;24.92307692;145.9459459
1887.04;160.27;6.36;25.2173913;147.6694085
1887.05;163.04;6.42;25.37634409;148.6002131
1887.06;160.22;6.57;24.38297872;142.7832087
1887.07;158.19;6.72;23.53684211;137.8283547
1887.08;152.39;6.71;22.70833333;132.9767267
1887.09;152.25;6.86;22.18556701;129.9154825
1887.1;145.4;6.85;21.2244898;124.2875529
1887.11;146.46;6.84;21.41414141;125.3981254
1887.12;142.28;6.75;21.08;123.4414414
1888.01;141.73;6.63;21.38542086;125.229942
1888.02;142.55;6.66;21.40251317;125.3300321
1888.03;137.15;6.61;20.73469388;121.4193786
1888.04;139.29;6.65;20.96177559;122.7491363
1888.05;142.86;6.68;21.39015308;125.2576532
1888.06;140.09;6.71;20.875;122.240991
1888.07;142.04;6.59;21.56945027;126.3075917
1888.08;145.07;6.54;22.17997465;129.8827344
1888.09;148.67;6.49;22.89361702;134.0617213
1888.1;146.12;6.37;22.93184741;134.2855929
1888.11;141.47;6.26;22.61545101;132.4328213
1888.12;138.77;6.21;22.34782609;130.8656483
1889.01;146.52;6.41;22.86212914;133.8773328
1889.02;149.99;6.46;23.21506789;135.9440913
1889.03;148.66;6.52;22.81318681;133.5907336
1889.04;148.38;6.49;22.84958094;133.8038524
1889.05;156.2;6.63;23.56067316;137.9679059
1889.06;158.84;6.61;24.04444444;140.8008008
1889.07;155.61;6.58;23.63960749;138.430134
1889.08;157.67;6.56;24.04836543;140.8237615
1889.09;159.49;6.45;24.71910112;144.7514931
1889.1;156.59;6.43;24.35723951;142.6324836
1889.11;155.14;6.4;24.23007246;141.8878117
1889.12;152.39;6.3;24.18181818;141.6052416
1890.01;157.96;6.46;24.45454545;143.2022932
1890.02;156.2;6.46;24.18181818;141.6052416
1890.03;155.02;6.46;24;140.5405405
1890.04;158.25;6.46;24.5;143.4684685
1890.05;162.97;6.38;25.54545455;149.5904996
1890.06;161.81;6.38;25.36363636;148.5257985
1890.07;160.65;6.38;25.18181818;147.4610975
1890.08;151.28;6.15;24.59090909;144.000819
1890.09;147.01;6.08;24.18181818;141.6052416
1890.1;140.38;6.08;23.09090909;135.2170352
1890.11;133.29;6.23;21.40909091;125.3685504
1890.12;130.18;6.23;20.90909091;122.4406224
1891.01;138.64;6.3;22;128.8288288
1891.02;138.67;6.23;22.27272727;130.4258804
1891.03;134.5;6.15;21.86363636;128.030303
1891.04;137.34;6.08;22.59090909;132.2891073
1891.05;138.41;6.15;22.5;131.7567568
1891.06;138.92;6.3;22.04545455;129.0950041
1891.07;138.32;6.38;21.68181818;126.965602
1891.08;142.96;6.38;22.40909091;131.2244062
1891.09;156.49;6.46;24.22727273;141.8714169
1891.1;156.49;6.46;24.22727273;141.8714169
1891.11;156.09;6.54;23.86363636;139.7420147
1891.12;160.85;6.54;24.59090909;144.000819
1892.01;168.08;6.76;24.8534055;145.5379602
1892.02;168.38;6.81;24.72010748;144.7573861
1892.03;174.75;7.05;24.8;145.2252252
1892.04;176.8;7.2;24.56991619;143.8778876
1892.05;176.8;7.25;24.3977223;142.869545
1892.06;175.84;7.3;24.08695652;141.0497454
1892.07;171.22;7.16;23.91022874;140.014853
1892.08;171.43;7.12;24.08915559;141.0626228
1892.09;167.16;7.17;23.31914894;136.5535749
1892.1;170.52;7.22;23.61639206;138.2941877
1892.11;165.61;7.09;23.37389845;136.8741801
1892.12;161.78;7.05;22.95833333;134.4406907
1893.01;158.76;6.81;23.29734219;136.4258777
1893.02;154.07;6.76;22.79685561;133.4951004
1893.03;152.1;6.95;21.89690722;128.2251323
1893.04;153.98;7.06;21.82490752;127.8035125
1893.05;142.1;7.17;19.81981982;116.062008
1893.06;138.82;7.38;18.81632653;110.1856959
1893.07;129.19;7.6;17.00569569;99.58290267
1893.08;131.28;7.94;16.53830563;96.84593389
1893.09;135.06;7.65;17.65656566;103.3943034
1893.1;137.27;7.57;18.12323802;106.1270695
1893.11;143.12;7.8;18.33868379;107.3886888
1893.12;139.98;7.94;17.64;103.2972973
1894.01;140.93;8.05;17.51114714;102.5427535
1894.02;144.9;8.05;18.00246609;105.4198465
1894.03;153.52;8.17;18.79166667;110.0412913
1894.04;155.57;8.06;19.30713984;113.0598279
1894.05;149.78;7.94;18.85983712;110.4404876
1894.06;147.74;7.83;18.86956522;110.497454
1894.07;144.67;7.72;18.74724305;109.781153
1894.08;145.89;7.39;19.7492163;115.6485639
1894.09;146.15;7.18;20.36363636;119.2465192
1894.1;145.63;7.27;20.02768805;117.2792543
1894.11;145.63;7.16;20.34692921;119.1486845
1894.12;146.38;7.15;20.47619048;119.9056199
1895.01;144.67;7.09;20.40326452;119.478576
1895.02;142.63;7.04;20.27092404;118.7036093
1895.03;142.63;6.98;20.43902439;119.6879807
1895.04;142.56;6.63;21.4953271;125.8735371
1895.05;148.33;6.49;22.85572633;133.8398388
1895.06;149.18;6.35;23.5;137.6126126
1895.07;151.87;6.38;23.80231972;139.3829533
1895.08;156.26;6.42;24.35180478;142.6006586
1895.09;157.24;6.36;24.71794872;144.7447447
1895.1;154.96;6.31;24.57320228;143.8971304
1895.11;149.74;6.25;23.94366197;140.2106332
1895.12;142.91;6.29;22.73684211;133.14367
1896.01;143.28;6.35;22.56871036;132.1591147
1896.02;151.48;6.41;23.63250133;138.3885213
1896.03;149.1;6.38;23.36;136.7927928
1896.04;152.67;6.45;23.67434387;138.6335452
1896.05;154.25;6.51;23.68137783;138.674735
1896.06;153.74;6.58;23.35135135;136.7421476
1896.07;143.78;6.56;21.93268187;128.4346235
1896.08;135.59;6.52;20.78559738;121.7174621
1896.09;142.71;6.49;21.97260274;128.6683944
1896.1;141.62;6.28;22.56466703;132.1354376
1896.11;146.97;6.07;24.22566372;141.8619947
1896.12;141.6;6.04;23.44444444;137.2872873
1897.01;145.77;6.22;23.44444444;137.2872873
1897.02;144.38;6.22;23.22222222;135.985986
1897.03;144.73;6.22;23.27777778;136.3113113
1897.04;142.33;6.31;22.55555556;132.0820821
1897.05;145.2;6.41;22.66666667;132.7327327
1897.06;151.96;6.41;23.72222222;138.9139139
1897.07;158.72;6.41;24.77777778;145.0950951
1897.08;161.69;6.13;26.38888889;154.5295295
1897.09;164.75;5.95;27.66666667;162.012012
1897.1;161.73;6.04;26.77777778;156.8068068
1897.11;156.03;6.04;25.83333333;151.2762763
1897.12;159.38;6.04;26.38888889;154.5295295
1898.01;163.75;6.1;26.85745735;157.2733989
1898.02;161.11;6.06;26.56846699;155.581113
1898.03;153.83;6.12;25.13513514;147.1877283
1898.04;151.19;6.18;24.47777183;143.3383035
1898.05;150.51;5.82;25.8629846;151.4499098
1898.06;167.4;6.29;26.63157895;155.9506875
1898.07;170.46;6.43;26.49973918;155.1786528
1898.08;176.83;6.49;27.26332126;159.6500795
1898.09;176.5;6.54;26.97435897;157.957958
1898.1;172.81;6.6;26.18200305;153.3180359
1898.11;178.51;6.65;26.82803833;157.1011253
1898.12;186.91;6.62;28.25;165.4279279
1899.01;201.14;6.64;30.27888446;177.3087829
1899.02;203.03;6.49;31.28408528;183.195094
1899.03;205.92;6.52;31.60493827;185.0739629
1899.04;205.68;6.45;31.87407772;186.6500047
1899.05;197.11;6.48;30.41136141;178.0845488
1899.06;190.1;6.42;29.6097561;173.3904636
1899.07;194.09;6.36;30.51506317;178.6918113
1899.08;196.45;6.31;31.15626512;182.4465975
1899.09;187.03;6.09;30.69879518;179.7677195
1899.1;183.85;6.04;30.4368699;178.2339228
1899.11;185.04;5.99;30.87954111;180.8261416
1899.12;170.36;5.94;28.66666667;167.8678679
1900.01;172.62;6.16;28.04597701;164.2331987
1900.02;173.65;6.29;27.6;161.6216216
1900.03;175.04;6.5;26.92473118;157.6673448
1900.04;177.28;6.71;26.41666667;154.6921922
1900.05;173.01;7.09;24.4040404;142.9065429
1900.06;169.93;7.39;22.98039216;134.569864
1900.07;167.86;7.52;22.32380952;130.7250107
1900.08;172.25;7.83;22;128.8288288
1900.09;166.14;7.95;20.9009009;122.3926629
1900.1;174.28;8.26;21.0877193;123.4866445
1900.11;187.91;8.48;22.15384615;129.7297297
1900.12;201.71;8.81;22.9;134.0990991
1901.01;205.02;8.75;23.43387471;137.2253924
1901.02;212.86;8.91;23.90372568;139.976772
1901.03;220.5;8.95;24.62295082;144.1884507
1901.04;242.02;9.12;26.54059341;155.4178894
1901.05;229.83;9.17;25.07298086;146.8237618
1901.06;252.72;9.22;27.41935484;160.5637896
1901.07;232.83;9.15;25.44112929;148.9795859
1901.08;233.14;9.09;25.6623045;150.2747561
1901.09;229.15;9.02;25.3968254;148.7201487
1901.1;226.58;9.07;24.97631828;146.2577197
1901.11;228.66;9.01;25.38485705;148.6500638
1901.12;222.3;8.95;24.84375;145.4814189
1902.01;229.79;9.08;25.3117207;148.2217879
1902.02;231.77;9.1;25.45850171;149.0813163
1902.03;232.05;9.13;25.42635659;148.8930791
1902.04;237.12;9.04;26.2295082;153.5962192
1902.05;233.78;8.96;26.09500308;152.8085766
1902.06;229.69;8.88;25.87692308;151.5315315
1902.07;234.88;8.9;26.39656231;154.574464
1902.08;244;9.03;27.0278543;158.2712189
1902.09;241.71;8.94;27.02290076;158.2422117
1902.1;218.8;8.38;26.10417301;152.8622744
1902.11;217.47;8.69;25.03037667;146.5742778
1902.12;210.09;8.61;24.39393939;142.8473928
1903.01;218.36;8.56;25.50497437;149.3534535
1903.02;217.07;8.6;25.23252325;147.758019
1903.03;215.66;8.94;24.11940299;141.2397472
1903.04;206.86;8.99;23.01752302;134.7872969
1903.05;207.57;9.24;22.46526751;131.5533683
1903.06;196.1;9.29;21.11764706;123.6618972
1903.07;187.09;9.33;20.0468247;117.3913158
1903.08;181.08;9.38;19.31255462;113.091536
1903.09;174.68;9.31;18.75362319;109.8185142
1903.1;170.97;9.47;18.05595616;105.7330766
1903.11;173.54;9.62;18.03043353;105.5836198
1903.12;181.55;9.67;18.77142857;109.9227799
1904.01;180.35;9.36;19.26737814;112.8269891
1904.02;171.54;9.06;18.93387708;110.8740549
1904.03;172.96;9.07;19.05882353;111.6057234
1904.04;179.27;9.09;19.72081972;115.4822776
1904.05;179.62;9.21;19.5019502;114.2006093
1904.06;179.89;9.12;19.72727273;115.5200655
1904.07;187.35;9.03;20.75298439;121.5264852
1904.08;191.46;8.83;21.6826477;126.9704595
1904.09;197.63;8.64;22.875;133.9527027
1904.1;209.23;8.55;24.4711083;143.2992829
1904.11;215.62;8.27;26.07724226;152.7045718
1904.12;217.73;8.18;26.61290323;155.8413252
1905.01;222.48;8.23;27.0452358;158.3730025
1905.02;232.24;8.27;28.08809448;164.4798325
1905.03;241.56;8.41;28.73015873;168.2396682
1905.04;238.62;8.45;28.22860751;165.3026566
1905.05;229.48;8.59;26.70436695;156.3769236
1905.06;232.18;8.64;26.875;157.3761261
1905.07;239.47;8.69;27.5722723;161.4592522
1905.08;245.56;8.63;28.45654191;166.6374076
1905.09;249.19;8.77;28.4;166.3063063
1905.1;252.7;8.82;28.65013774;167.7710769
1905.11;248.49;8.76;28.35820896;166.061584
1905.12;251.77;8.71;28.90909091;169.2874693
1906.01;260.48;8.86;29.39249553;172.1182171
1906.02;258.64;9.02;28.68012877;167.9467
1906.03;252.3;9.17;27.51079137;161.0992287
1906.04;248.87;9.32;26.69119728;156.2998039
1906.05;239.58;9.37;25.55679287;149.6568952
1906.06;242.71;9.53;25.47945205;149.2039985
1906.07;244.6;10.01;24.43365696;143.0799732
1906.08;256.79;9.94;25.8295726;151.254254
1906.09;261.76;9.98;26.22222222;153.5535536
1906.1;248.41;9.91;25.05794489;146.7357133
1906.11;250.8;9.96;25.19025875;147.5105242
1906.12;245.88;10;24.6;144.0540541
1907.01;241.45;10.19;23.70443838;138.8097743
1907.02;228.95;10.06;22.76862552;133.3297891
1907.03;208.65;10.24;20.36585366;119.2595034
1907.04;209.65;10.33;20.3000242;118.8740156
1907.05;198.18;10.2;19.43844492;113.8287315
1907.06;189.84;10.17;18.66666667;109.3093093
1907.07;197.11;10.25;19.22986062;112.6072919
1907.08;182.34;10.33;17.64705882;103.3386328
1907.09;180.4;10.41;17.3255814;101.4561073
1907.1;159.15;10.39;15.32425571;89.73663255
1907.11;156.17;10.91;14.31188459;83.80833318
1907.12;167.74;11.23;14.93181818;87.43857494
1908.01;176.81;11.27;15.68582551;91.85393316
1908.02;172.25;11.31;15.23194092;89.19605042
1908.03;179.29;11.22;15.97674419;93.557511
1908.04;186.87;11.01;16.96742442;99.35879165
1908.05;196.94;10.93;18.02504134;105.5520439
1908.06;197.2;10.84;18.19047619;106.5208065
1908.07;202.2;10.64;19.00647948;111.2992042
1908.08;210.88;10.55;19.9854827;117.0321059
1908.09;208.59;10.47;19.92682927;116.6886399
1908.1;208.87;10.27;20.33439882;119.0753084
1908.11;220.64;10.08;21.89437144;128.2102832
1908.12;223.26;9.89;22.575;132.1959459
1909.01;226.39;10.08;22.4646665;131.5498489
1909.02;217.58;10.06;21.63757069;126.706495
1909.03;220.54;10.14;21.75609756;127.4005713
1909.04;225.68;10.01;22.55020566;132.0507539
1909.05;230.81;9.99;23.11015119;135.3297142
1909.06;232.51;9.96;23.33333333;136.6366366
1909.07;235.83;10.04;23.48216395;137.5081673
1909.08;239.11;10.02;23.85751113;139.7061463
1909.09;236.98;10;23.69767442;138.7701655
1909.1;233.29;9.88;23.60950842;138.2538782
1909.11;229.91;9.86;23.31119762;136.5070131
1909.12;230.41;9.84;23.40909091;137.0802621
1910.01;227.66;9.99;22.77966102;133.3944114
1910.02;219.52;10.05;21.84269663;127.907683
1910.03;220.7;9.92;22.25698324;130.3336856
1910.04;213.37;9.88;21.6;126.4864865
1910.05;213.85;10.12;21.12707182;123.7170873
1910.06;205.52;10.28;20;117.1171171
1910.07;195.13;10.33;18.8852459;110.5892778
1910.08;201.82;10.49;19.23913043;112.6615746
1910.09;205.18;10.65;19.26486486;112.8122717
1910.1;221.12;11.03;20.04301075;117.3689819
1910.11;225.44;11.32;19.9144385;116.6160813
1910.12;219.14;11.38;19.25531915;112.7563734
1911.01;224.47;11.38;19.72340426;115.4974123
1911.02;235.63;11.74;20.06382979;117.4908952
1911.03;230.43;11.62;19.82978723;116.1203757
1911.04;236.92;12;19.74468085;115.622005
1911.05;242.03;12;20.17021277;118.1138585
1911.06;246.88;12;20.57446809;120.4811194
1911.07;243.22;11.87;20.4893617;119.9827487
1911.08;224.36;11.5;19.5106383;114.2514855
1911.09;209.94;11.38;18.44680851;108.0218516
1911.1;211.15;11.38;18.55319149;108.644815
1911.11;221.91;11.5;19.29787234;113.0055588
1911.12;225.24;11.62;19.38297872;113.5039295
1912.01;223.14;11.52;19.37128292;113.4354405
1912.02;218.9;11.42;19.16472334;112.2258574
1912.03;220.65;11.21;19.68253968;115.2581153
1912.04;220.84;10.9;20.26199028;118.6512944
1912.05;220.61;10.92;20.20244623;118.302613
1912.06;222.79;11.05;20.16842105;118.1033665
1912.07;223.02;11.07;20.15552753;118.0278639
1912.08;225.9;10.98;20.57898049;120.5075434
1912.09;224.85;10.89;20.64921466;120.9188246
1912.1;224.39;10.91;20.57286222;120.4717157
1912.11;221.88;10.93;20.30467446;118.9012468
1912.12;216;11.05;19.54166667;114.4331832
1913.01;212.08;10.95;19.375;113.4572072
1913.02;204.55;10.95;18.6875;109.4313063
1913.03;200.68;10.95;18.33333333;107.3573574
1913.04;200.45;10.95;18.3125;107.2353604
1913.05;196.99;11.06;17.8125;104.3074324
1913.06;185.17;10.95;16.91666667;99.06156156
1913.07;185.78;10.84;17.14583333;100.4035285
1913.08;190.75;10.84;17.60416667;103.0874625
1913.09;190.63;10.73;17.77083333;104.0634384
1913.1;184.6;10.73;17.20833333;100.7695195
1913.11;178.12;10.62;16.77083333;98.20758258
1913.12;179.68;10.73;16.75;98.08558559
1914.01;187.05;10.62;17.62105263;103.1863442
1914.02;191.43;10.61;18.04255319;105.6545908
1914.03;187.81;10.5;17.89247312;104.7757435
1914.04;185.17;10.49;17.65217391;103.368586
1914.05;184.43;10.27;17.95604396;105.1480051
1914.06;183.53;10.16;18.06666667;105.7957958
1914.07;171.63;9.94;17.25842697;101.0628606
1914.08;168.27;9.64;17.45454545;102.2113022
1914.09;168.27;9.53;17.65517241;103.3861448
1914.1;169.93;9.51;17.86046512;104.5883092
1914.11;168.27;9.31;18.07058824;105.8187599
1914.12;162.63;9.29;17.5;102.4774775
1915.01;165.51;9.31;17.7756654;104.0917343
1915.02;164.93;9.42;17.50059284;102.4809491
1915.03;170.88;9.54;17.91715976;104.9203049
1915.04;181.91;9.46;19.22986062;112.6072919
1915.05;175.91;9.39;18.74115983;109.7455305
1915.06;177.9;9.4;18.91764706;110.7790143
1915.07;177.24;9.42;18.81164866;110.158303
1915.08;184.76;9.44;19.56878369;114.5919766
1915.09;191.62;9.46;20.25730994;118.623887
1915.1;200.26;9.38;21.34018212;124.9650304
1915.11;205.26;9.31;22.04100652;129.0689571
1915.12;205.69;9.33;22.04651163;129.1011942
1916.01;200.49;9.47;21.16606171;123.9454064
1916.02;197.69;9.71;20.36750055;119.2691474
1916.03;195.17;9.84;19.82702703;116.1042123
1916.04;191.22;9.98;19.16332136;112.2176476
1916.05;193.61;10.11;19.14498141;112.1102515
1916.06;193.68;10.24;18.90909091;110.7289107
1916.07;190.99;10.47;18.24831949;106.8595286
1916.08;190.68;10.59;17.99883878;105.3986055
1916.09;194.89;10.62;18.3507109;107.4591179
1916.1;197.38;10.65;18.53984767;108.5666755
1916.11;198.41;10.67;18.59067735;108.8643268
1916.12;188.8;10.79;17.5;102.4774775
1917.01;182.8;10.9;16.76594254;98.17894278
1917.02;168.17;10.83;15.5234657;90.90317755
1917.03;173.38;11.03;15.71308017;92.01353252
1917.04;162.64;10.7;15.19973479;89.00745599
1917.05;154.69;10.72;14.42526864;84.47229385
1917.06;155.41;10.74;14.464;84.6990991
1917.07;153.47;11.1;13.82510223;80.95780587
1917.08;146.64;11.12;13.19004175;77.23898322
1917.09;136.44;11.05;12.34980989;72.31870654
1917.1;127.14;11.06;11.49184498;67.29458772
1917.11;116.54;11.24;10.36513545;60.69673914
1917.12;110.92;11.26;9.855072464;57.7098838
1918.01;115.09;10.85;10.60294118;62.08929518
1918.02;117.76;10.62;11.08955224;64.93881942
1918.03;116.21;10.54;11.03030303;64.59186459
1918.04;113.47;10.23;11.09230769;64.95495495
1918.05;114.67;9.86;11.625;68.07432432
1918.06;113.26;9.58;11.82539683;69.24781925
1918.07;111.15;9.18;12.11290323;70.93141529
1918.08;110;8.85;12.42622951;72.76620883
1918.09;107.33;8.54;12.56666667;73.58858859
1918.1;109.79;8.24;13.3220339;78.01191022
1918.11;110.51;7.95;13.89655172;81.37620379
1918.12;107;7.72;13.85964912;81.16010748
1919.01;106.32;7.68;13.85212635;81.11605518
1919.02;108.71;7.77;13.98899343;81.9175291
1919.03;110.65;7.63;14.5;84.90990991
1919.04;112.28;7.45;15.07095384;88.25333327
1919.05;118.62;7.32;16.21181999;94.93408102
1919.06;121.79;7.27;16.74545455;98.05896806
1919.07;122.14;7.02;17.39528078;101.8642568
1919.08;111.99;6.86;16.32615498;95.60361024
1919.09;113.12;6.78;16.68518519;97.70603937
1919.1;116.93;6.63;17.64486678;103.3257965
1919.11;111.02;6.44;17.23232702;100.9100231
1919.12;105.47;6.27;16.83018868;98.55515893
1920.01;102.25;6.12;16.71398826;97.87470605
1920.02;92.83;6.04;15.3787735;90.05588083
1920.03;98.35;5.96;16.51428571;96.70527671
1920.04;94.68;5.76;16.43416778;96.23611764
1920.05;87.44;5.66;15.44949205;90.46999846
1920.06;84.69;5.56;15.23076923;89.18918919
1920.07;84.99;5.57;15.2614316;89.36874362
1920.08;83.67;5.69;14.70872847;86.13219374
1920.09;87.94;5.75;15.2815534;89.48657395
1920.1;88.49;5.76;15.35164621;89.89702736
1920.11;84.43;5.78;14.6179402;85.60055072
1920.12;78.45;5.88;13.35294118;78.19289878
1921.01;83.63;5.95;14.0569395;82.3154115
1921.02;85.75;6.09;14.07215467;82.40450935
1921.03;84.02;6.08;13.82914573;80.981484
1921.04;85.32;6.09;14.00770322;82.02709095
1921.05;89.9;6.18;14.55437449;85.22831908
1921.06;83.17;6.16;13.50515464;79.08423888
1921.07;82.45;6.07;13.58153078;79.53148656
1921.08;81.44;6.02;13.53052234;79.23278848
1921.09;84.41;6.03;13.98941799;81.92001525
1921.1;85.56;5.98;14.30706812;83.78012862
1921.11;90.68;5.96;15.20896165;89.06148717
1921.12;94.43;5.94;15.89130435;93.05718762
1922.01;96.53;6.14;15.72598018;92.08907313
1922.02;98.65;6.19;15.92995943;93.2835462
1922.03;103.58;6.32;16.38095238;95.92449592
1922.04;109.87;6.38;17.22257185;100.8528982
1922.05;114.15;6.43;17.74126456;103.890288
1922.06;113.08;6.49;17.42268041;102.0247051
1922.07;113.2;6.51;17.39574816;101.8669937
1922.08;118.88;6.64;17.8998581;104.8189889
1922.09;121.97;6.7;18.21105528;106.6413147
1922.1;123.92;6.71;18.45724537;108.0829684
1922.11;117.06;6.73;17.3981811;101.8812407
1922.12;116.1;6.74;17.21568627;100.8125773
1923.01;118.39;6.81;17.39300371;101.8509226
1923.02;123.45;6.83;18.07909605;105.8685804
1923.03;125.44;6.85;18.31067961;107.2247004
1923.04;120.34;6.83;17.61176698;103.1319688
1923.05;114.65;6.85;16.72776384;97.95537386
1923.06;109.64;6.84;16.03846154;93.91891892
1923.07;104.72;6.78;15.44949205;90.46999846
1923.08;105.86;6.84;15.47869291;90.64099452
1923.09;105.89;6.82;15.52380952;90.90519091
1923.1;103.73;6.8;15.24587051;89.27762013
1923.11;106.83;6.82;15.65398448;91.66747668
1923.12;110.45;6.85;16.13207547;94.46710862
1924.01;114.07;6.87;16.60710927;97.24883808
1924.02;115.25;6.93;16.63228952;97.39628997
1924.03;113.7;6.99;16.26168224;95.22606719
1924.04;111.74;7.06;15.83752562;92.74226714
1924.05;111.35;7.08;15.73472042;92.14025469
1924.06;113.45;7.1;15.98148148;93.58525192
1924.07;118.01;7.08;16.6697434;97.61561451
1924.08;122.78;7.14;17.19123873;100.669416
1924.09;120.89;7.12;16.97247706;99.3883792
1924.1;118.63;7.1;16.70020121;97.79397103
1924.11;125.25;7.12;17.5816159;102.9554084
1924.12;131.25;7.1;18.47272727;108.1736282
1925.01;136.67;7.16;19.09058102;111.7916906
1925.02;138.64;7.25;19.11158875;111.9147089
1925.03;134.22;7.27;18.47111111;108.1641642
1925.04;133.57;7.36;18.14010941;106.2258659
1925.05;137.06;7.37;18.58794674;108.8483368
1925.06;137.92;7.34;18.7826087;109.9882491
1925.07;140.15;7.31;19.16436464;112.2237569
1925.08;142.04;7.36;19.28681639;112.9408167
1925.09;145.33;7.42;19.59148936;114.7249377
1925.1;150.12;7.47;20.09464256;117.6713303
1925.11;152.22;7.4;20.57737496;120.4981416
1925.12;155.56;7.49;20.76666667;121.6066066
1926.01;157.93;7.58;20.82304527;121.9367516
1926.02;158.18;7.68;20.60162602;120.6401523
1926.03;148.28;7.82;18.97188755;111.0966388
1926.04;143.33;7.87;18.22222222;106.7067067
1926.05;145.14;8;18.13333333;106.1861862
1926.06;152.9;8.14;18.7751938;109.9448285
1926.07;161.16;8.33;19.34099617;113.2580857
1926.08;168.51;8.48;19.87878788;116.4073164
1926.09;170.1;8.52;19.95505618;116.8539326
1926.1;165.33;8.57;19.28888889;112.952953
1926.11;166.54;8.62;19.32600733;113.1703132
1926.12;170.33;8.71;19.55072464;114.4862254
1927.01;171.12;8.9;19.2335295;112.6287763
1927.02;175.45;9.03;19.42272146;113.7366572
1927.03;179.17;9.17;19.53521127;114.3953813
1927.04;183.56;9.26;19.82698479;116.103965
1927.05;188.8;9.29;20.32351721;119.0115873
1927.06;189.07;9.27;20.39726027;119.443416
1927.07;196.61;9.52;20.65969866;120.9802174
1927.08;208.28;9.66;21.56598951;126.2873259
1927.09;218.83;9.69;22.58666667;132.2642643
1927.1;214.23;9.72;22.0430818;129.0811097
1927.11;220.38;9.86;22.35032097;130.880258
1927.12;225.55;9.95;22.67532468;132.7834328
1928.01;226.45;10.03;22.56984679;132.1657695
1928.02;226.36;10.24;22.11157922;129.4822206
1928.03;238.51;10.32;23.10126582;135.2776827
1928.04;253.54;10.41;24.35044559;142.5926994
1928.05;259.86;10.44;24.89729864;145.7949921
1928.06;248.57;10.59;23.48148148;137.5041708
1928.07;250.4;10.67;23.46026693;137.3799415
1928.08;258.51;10.76;24.02526418;140.6884839
1928.09;273.47;10.72;25.5060241;149.3596006
1928.1;280.65;10.87;25.81570455;151.1730447
1928.11;299.62;10.96;27.34495435;160.128111
1928.12;302.55;11.11;27.23529412;159.4859565
1929.01;324.9;11.24;28.90697674;169.275089
1929.02;326.6;11.37;28.72413793;168.2044113
1929.03;334.3;11.57;28.89772727;169.2209255
1929.04;334.3;11.77;28.40449438;166.3326248
1929.05;337.32;11.83;28.51111111;166.956957
1929.06;341.76;11.89;28.73626374;168.2754183
1929.07;367.9;11.88;30.95652174;181.2769291
1929.08;388.83;12.01;32.3655914;189.5282379
1929.09;404.33;12.14;33.29787234;194.9875407
1929.1;361.57;12.27;29.46315789;172.5320057
1929.11;265.85;12.4;21.4375;125.5349099
1929.12;278.05;12.6;22.06185567;129.1910467
1930.01;283.73;12.69;22.36299959;130.9545021
1930.02;303.28;12.77;23.74189565;139.0291187
1930.03;316.58;12.86;24.61696658;144.1534079
1930.04;334.7;12.79;26.15843008;153.179996
1930.05;316.58;12.88;24.57400944;143.9018571
1930.06;286.27;12.97;22.07179487;129.2492492
1930.07;283.52;13.14;21.58229145;126.3827878
1930.08;281.59;13.23;21.28596294;124.6475307
1930.09;279.76;13.16;21.25831202;124.4856109
1930.1;242.71;13.25;18.31748952;107.2645783
1930.11;226.48;13.34;16.97303922;99.39167108
1930.12;215.29;13.6;15.82653061;92.67788196
1931.01;224.61;13.59;16.53046447;96.80001715
1931.02;244.83;13.57;18.0425889;105.6547999
1931.03;251.13;13.47;18.64893617;109.2054821
1931.04;228.67;13.36;17.11449228;100.2199999
1931.05;209.31;13.34;15.69035366;91.88044938
1931.06;205.28;13.32;15.41111111;90.24524525
1931.07;212.08;13.12;16.16104658;94.63675924
1931.08;205.72;12.92;15.91663804;93.20553807
1931.09;176.25;12.81;13.75581395;80.55206369
1931.1;153.74;12.7;12.10582261;70.88995219
1931.11;157.96;12.67;12.46849874;73.01373136
1931.12;129.19;12.55;10.29268293;60.27246759
1932.01;129.71;12.4;10.46262448;61.26762083
1932.02;130.44;12.15;10.7343159;62.85860662
1932.03;131.85;11.81;11.16216216;65.36401266
1932.04;100.97;11.47;8.804149727;51.55583173
1932.05;89.88;11.2;8.023882336;46.98669836
1932.06;78.38;10.85;7.227272727;42.32186732
1932.07;82.33;10.41;7.910942681;46.32534003
1932.08;124.65;10.04;12.41140597;72.67940431
1932.09;137.76;9.67;14.24137931;83.39546443
1932.1;119.64;9.3;12.86824508;75.35458828
1932.11;119.36;8.92;13.38522878;78.38197035
1932.12;116.35;8.53;13.64;79.87387387
1933.01;122.83;8.58;14.32323232;83.87478387
1933.02;109.98;8.62;12.75510204;74.69203898
1933.03;110.5;8.6;12.84536082;75.22058141
1933.04;122.21;8.51;14.35416667;84.05593093
1933.05;157.32;8.42;18.67368421;109.350403
1933.06;182.83;8.27;22.10638298;129.4517922
1933.07;191.58;7.93;24.15053763;141.4220672
1933.08;180.65;7.79;23.19565217;135.8303956
1933.09;179.12;7.7;23.25274725;136.1647362
1933.1;161.69;7.62;21.22222222;124.2742743
1933.11;165.58;7.53;21.97752809;128.6972366
1933.12;168.8;7.45;22.65909091;132.6883702
1934.01;178.45;7.46;23.91107078;140.0197838
1934.02;190.21;7.42;25.62825447;150.075364
1934.03;180.47;7.44;24.27118644;142.1285692
1934.04;183.49;7.45;24.63343109;144.2498217
1934.05;164.84;7.46;22.08464656;129.3245069
1934.06;165.78;7.42;22.33707865;130.8027128
1934.07;157.94;7.43;21.24270974;124.3942462
1934.08;151.77;7.45;20.37161406;119.2932355
1934.09;145.92;7.35;19.84357542;116.2011173
1934.1;148.16;7.42;19.96430961;116.9081194
1934.11;152.3;7.44;20.48085485;119.9329338
1934.12;154.44;7.5;20.57777778;120.5005005
1935.01;152.16;7.39;20.57777778;120.5005005
1935.02;146.49;7.34;19.95555556;116.8568569
1935.03;137.19;7.34;18.68888889;109.4394394
1935.04;146.4;7.23;20.23879087;118.515442
1935.05;157.89;7.18;21.99249774;128.7848967
1935.06;165.08;7.18;23;134.6846847
1935.07;173.73;7.18;24.20454545;141.7383292
1935.08;185.47;7.18;25.84090909;151.3206388
1935.09;189.39;7.18;26.38636364;154.514742
1935.1;194.44;7.34;26.48888889;155.1151151
1935.11;211.17;7.45;28.34782609;166.0007834
1935.12;211.17;7.61;27.74468085;162.4688518
1936.01;222.83;7.77;28.66666667;167.8678679
1936.02;235.63;7.94;29.69387755;173.8830667
1936.03;242.4;8.16;29.72;174.036036
1936.04;242.73;8.43;28.79998142;168.6485398
1936.05;229.84;8.7;26.41876651;154.7044886
1936.06;237.89;8.91;26.70909091;156.4045864
1936.07;250.17;9.16;27.29824561;159.8545914
1936.08;253.33;9.42;26.89830508;157.5125973
1936.09;256.21;9.74;26.31147541;154.0762074
1936.1;269.61;10.32;26.11854324;152.9464244
1936.11;277.12;10.91;25.40489044;148.7673765
1936.12;272.33;11.49;23.69444444;138.7512513
1937.01;278.8;11.57;24.09589041;141.102061
1937.02;287.04;11.73;24.47297297;143.3102021
1937.03;284.7;11.8;24.12;141.2432432
1937.04;265.83;12.19;21.80769231;127.7027027
1937.05;252.19;12.57;20.0617284;117.4785897
1937.06;242.73;13.04;18.61904762;109.030459
1937.07;255.38;12.59;20.28978764;118.8140717
1937.08;258;12.23;21.1008492;123.5635314
1937.09;219.96;11.79;18.66233766;109.2839593
1937.1;187.97;11.94;15.74358974;92.19219219
1937.11;172.62;12.18;14.17721519;83.01972859
1937.12;171.03;12.42;13.775;80.66441441
1938.01;178;12.49;14.25630851;83.48288768
1938.02;174.98;12.47;14.03389236;82.18045075
1938.03;163.41;12.36;13.21794872;77.4024024
1938.04;155.65;12.07;12.89999439;75.5405077
1938.05;158.18;11.94;13.24779347;77.57716898
1938.06;161.83;11.73;13.7972973;80.79498417
1938.07;194;11.31;17.15888652;100.4799661
1938.08;195.11;10.88;17.92717576;104.9789572
1938.09;186.23;10.46;17.8030303;104.2519793
1938.1;208.48;9.74;21.40983607;125.3729139
1938.11;208.64;8.94;23.33928571;136.6714929
1938.12;202.57;8.14;24.88235294;145.7074722
1939.01;199.54;8.19;24.35066516;142.5939852
1939.02;199.36;8.31;23.99998452;140.5404499
1939.03;199.2;8.36;23.82692308;139.527027
1939.04;175.38;8.47;20.6942807;121.1827248
1939.05;181.86;8.53;21.32277131;124.8630753
1939.06;185.1;8.58;21.56603774;126.2876084
1939.07;189.63;8.74;21.68518519;126.9853187
1939.08;186.88;8.91;20.98181818;122.8665029
1939.09;202.4;8.88;22.80357143;133.5344273
1939.1;205.92;9.26;22.24137931;130.2423113
1939.11;202.25;9.58;21.11666667;123.6561562
1939.12;197.46;9.9;19.9516129;116.8337693
1940.01;197.76;10.02;19.73263087;115.551442
1940.02;195.07;10;19.49998963;114.1891285
1940.03;193.95;10.06;19.28571429;112.9343629
1940.04;195.87;10.16;19.27224122;112.8554666
1940.05;168.89;10.27;16.44560438;96.30308869
1940.06;153.27;10.3;14.87692308;87.11711712
1940.07;159.47;10.48;15.21319025;89.08624919
1940.08;162.82;10.59;15.37689215;90.04486394
1940.09;169.69;10.7;15.86567164;92.90708619
1940.1;171.28;10.7;16.01492537;93.78109453
1940.11;175.27;10.7;16.3880597;95.96611537
1940.12;166.9;10.62;15.71641791;92.03307785
1941.01;167.21;10.67;15.66832459;91.75145029
1941.02;156.75;10.72;14.61575635;85.58776239
1941.03;156.59;10.7;14.63235294;85.68494966
1941.04;150.65;10.68;14.10732395;82.61045559
1941.05;146.35;10.66;13.73300304;80.41848628
1941.06;148.38;10.49;14.14492754;82.83065674
1941.07;155.98;10.54;14.79808404;86.65544707
1941.08;153.14;10.45;14.65549538;85.82046844
1941.09;151.55;10.36;14.62857143;85.66280566
1941.1;143.58;10.27;13.97630994;81.84325641
1941.11;135.98;10.25;13.25942771;77.64529739
1941.12;126.3;10.24;12.33802817;72.2497145
1942.01;127.11;10.01;12.69668848;74.3499776
1942.02;122.35;9.85;12.416262;72.70784055
1942.03;114.25;9.64;11.85507246;69.42159551
1942.04;108.83;9.44;11.52941176;67.5145734
1942.05;108.72;9.19;11.8358209;69.3088611
1942.06;114.21;9.05;12.62121212;73.90799891
1942.07;117.74;8.81;13.36081786;78.23902348
1942.08;116.35;8.58;13.56316503;79.42393938
1942.09;117.56;8.4;14;81.98198198
1942.1;124.72;8.16;15.27868852;89.46979767
1942.11;125.97;7.98;15.78333333;92.42492492
1942.12;125.89;7.8;16.13559322;94.48770805
1943.01;133.43;7.8;17.10169492;100.1450603
1943.02;141.36;7.8;18.11864407;106.100168
1943.03;143.83;7.67;18.76271186;109.8717361
1943.04;146.93;7.58;19.38983051;113.5440525
1943.05;151.84;7.53;20.15254237;118.0103833
1943.06;154.52;7.53;20.50847458;120.0946709
1943.07;158.62;7.62;20.81461844;121.8874053
1943.08;151.66;7.71;19.67596666;115.2196246
1943.09;154;7.71;19.98333333;117.0195195
1943.1;152.58;7.75;19.69061861;115.3054243
1943.11;145.52;7.79;18.67581391;109.3628743
1943.12;147.45;7.83;18.81967213;110.2052873
1944.01;152.2;7.88;19.32066267;113.1390157
1944.02;151.17;7.92;19.08647617;111.7676532
1944.03;155.41;7.96;19.51612903;114.2836385
1944.04;151.84;7.96;19.07487651;111.6997273
1944.05;154.52;8;19.30850037;113.0677949
1944.06;160.88;8;20.11111111;117.7677678
1944.07;164.14;8;20.52632659;120.1992098
1944.08;161.74;8.04;20.12040831;117.8222108
1944.09;159.09;8.08;19.6875;115.2871622
1944.1;163;8.08;20.171875;118.1235923
1944.11;161.87;8.08;20.03125;117.3001126
1944.12;164.47;8.04;20.46875;119.8620495
1945.01;169.37;8.08;20.96892278;122.7909893
1945.02;175.02;8.12;21.55668992;126.2328689
1945.03;174.89;8.16;21.43076923;125.4954955
1945.04;179.29;8.16;21.96923077;128.6486486
1945.05;185.03;8.12;22.8;133.5135135
1945.06;186.32;8.03;23.21538462;135.9459459
1945.07;182.49;8.07;22.62246052;132.4738679
1945.08;183.11;8.11;22.58374488;132.2471547
1945.09;195.58;8.15;24;140.5405405
1945.1;203.73;8.15;25;146.3963964
1945.11;210.39;8.15;25.81818182;151.1875512
1945.12;212.8;8.1;26.25757576;153.7605788
1946.01;221.27;8.19;27.02998649;158.2837046
1946.02;223.11;8.31;26.83664695;157.1515362
1946.03;214.08;8.3;25.77941176;150.9605193
1946.04;226.64;8.26;27.44117647;160.6915739
1946.05;225.9;8.21;27.5;161.036036
1946.06;222.05;8.13;27.32352941;160.0026497
1946.07;203.73;7.71;26.41464703;154.6803655
1946.08;195.82;7.6;25.77668652;150.9445607
1946.09;165.31;7.56;21.86956522;128.0650215
1946.1;158.48;7.49;21.17223867;123.9815778
1946.11;154.13;7.38;20.88626582;122.306962
1946.12;157.27;7.38;21.30985915;124.7874635
1947.01;158.1;7.41;21.32243987;124.8611344
1947.02;164.23;7.45;22.04650137;129.1011342
1947.03;154.7;7.35;21.05555556;123.2982983
1947.04;148.99;7.48;19.90909996;116.5848196
1947.05;146.33;7.62;19.20534857;112.4637529
1947.06;150.75;7.72;19.52631579;114.3432907
1947.07;158.75;7.75;20.48051948;119.9309699
1947.08;153.56;7.75;19.82051282;116.0660661
1947.09;146.33;7.68;19.06329114;111.631885
1947.1;150.12;7.84;19.15288465;112.1565317
1947.11;147.73;7.97;18.54656621;108.6060184
1947.12;143.54;8.02;17.89285714;104.7779923
1948.01;139.84;7.95;17.58498719;102.9751502
1948.02;134.09;8.05;16.65353675;97.5207107
1948.03;136.57;8.12;16.82352941;98.51616322
1948.04;144.61;7.98;18.11764706;106.0943296
1948.05;151.01;7.95;19;111.2612613
1948.06;155.97;7.88;19.78823529;115.8770535
1948.07;150.39;7.85;19.16730772;112.2409911
1948.08;145.4;7.88;18.46332759;108.118585
1948.09;143.76;7.94;18.11494253;106.0784923
1948.1;148.29;8.15;18.19101124;106.5239397
1948.11;141.2;8.4;16.8021978;98.39124839
1948.12;140.86;8.62;16.33333333;95.64564565
1949.01;143.03;8.82;16.2253464;95.01328973
1949.02;138.69;9.05;15.33218524;89.7830667
1949.03;140;9.2;15.21428571;89.09266409
1949.04;139.23;9.29;14.98993792;87.77891572
1949.05;138.78;9.45;14.68207059;85.97608904
1949.06;130.63;9.54;13.69607843;80.20226108
1949.07;139.18;9.68;14.3765767;84.18716085
1949.08;143.57;9.7;14.79682193;86.64805632
1949.09;144.84;9.72;14.89423077;87.21846847
1949.1;149.84;10.12;14.8043938;86.69239614
1949.11;151.27;10.39;14.55718507;85.24477743
1949.12;156.63;10.8;14.50877193;84.96127707
1950.01;160.53;10.94;14.67826087;85.95377987
1950.02;163.66;11.03;14.8362069;86.87868903
1950.03;164.3;11.08;14.82905983;86.83683684
1950.04;168.94;11.17;15.11864407;88.5326004
1950.05;173.88;11.22;15.49579832;90.74116133
1950.06;175.97;11.27;15.61666667;91.44894895
1950.07;161.17;11.53;13.97858975;81.85660667
1950.08;169.5;11.83;14.32379709;83.87809106
1950.09;174.75;12.18;14.34586466;84.00731559
1950.1;180.51;12.51;14.4333791;84.5197875
1950.11;179.42;12.88;13.93211694;81.58446855
1950.12;176.55;13.14;13.43537415;78.67561439
1951.01;186.62;13.08;14.26678416;83.54423154
1951.02;191.31;13.07;14.63417879;85.69564156
1951.03;187.36;13.17;14.23026316;83.33036984
1951.04;189.87;13.28;14.29568325;83.71346048
1951.05;189.23;13.35;14.17884875;83.0292945
1951.06;185.95;13.46;13.81410256;80.89339339
1951.07;189.23;13.35;14.17884875;83.0292945
1951.08;197.51;13.23;14.92829332;87.41793387
1951.09;201.05;13.01;15.44736842;90.45756283
1951.1;199.26;12.65;15.74835;92.22006755
1951.11;192.24;12.25;15.69812051;91.92593092
1951.12;197.42;11.89;16.60283688;97.22381956
1952.01;204;11.92;17.1156064;100.226524
1952.02;201.81;12.04;16.76466644;98.17147012
1952.03;202.32;12.07;16.76760563;98.18868164
1952.04;200.96;12.11;16.6013986;97.21539722
1952.05;200.88;12.19;16.47916667;96.49962462
1952.06;205.6;12.23;16.8137931;98.4591488
1952.07;209.92;12.14;17.29655172;101.2861137
1952.08;210.76;12.14;17.36551724;101.6899658
1952.09;207.41;12.14;17.08965517;100.0745573
1952.1;203.06;12.03;16.88627173;98.88357317
1952.11;209.5;11.91;17.58552128;102.9782778
1952.12;217.96;11.8;18.46808511;108.1464443
1953.01;219.95;11.85;18.56737589;108.7278768
1953.02;218.08;11.89;18.34042553;107.3988882
1953.03;218.36;11.85;18.43262411;107.9387899
1953.04;207.6;11.87;17.4835318;102.3810421
1953.05;207.91;11.86;17.53407639;102.6770239
1953.06;199.72;11.84;16.86619718;98.76601954
1953.07;202.55;11.84;17.1056338;100.1681259
1953.08;202.63;11.8;17.17605634;100.5805101
1953.09;193.32;11.8;16.38732394;95.96180688
1953.1;198.4;11.84;16.76223776;98.15724816
1953.11;203.54;11.96;17.01388889;99.63088088
1953.12;206.28;12.05;17.12413793;100.2764834
1954.01;211.52;12.1;17.47822087;102.3499421
1954.02;216.17;12.16;17.78136169;104.125091
1954.03;220.74;12.21;18.07482993;105.8435987
1954.04;230.4;12.2;18.88159199;110.567881
1954.05;238.68;12.1;19.723067;115.4954374
1954.06;240.6;12.05;19.97241379;116.9555763
1954.07;250.32;12.1;20.68416319;121.1234782
1954.08;255.3;12.16;21.00004784;122.9732531
1954.09;262.26;12.26;21.39455782;125.2834467
1954.1;268.34;12.45;21.54915524;126.1887469
1954.11;278.85;12.65;22.04830319;129.1116854
1954.12;292.7;12.89;22.70779221;132.973558
1955.01;297.97;12.95;23.01719177;134.7853572
1955.02;307.94;13;23.68460018;138.6936047
1955.03;305.51;13.06;23.3974359;137.012012
1955.04;316.05;13.09;24.15356962;141.4398221
1955.05;314.71;13.11;23.99994894;140.5402415
1955.06;332.96;13.14;25.33757962;148.373214
1955.07;355.99;13.23;26.90540566;157.5541773
1955.08;353.82;13.37;26.46367248;154.9674515
1955.09;368.37;13.46;27.37037037;160.2769436
1955.1;349.84;13.51;25.88724203;151.5919579
1955.11;373.44;13.57;27.52046433;161.1558722
1955.12;378.33;13.68;27.66463415;162.0001099
1956.01;368.16;13.93;26.43712575;154.8119976
1956.02;370.49;14.18;26.13529412;153.0445151
1956.03;396.01;14.43;27.45086705;160.7483206
1956.04;399.19;14.57;27.40499507;160.4797008
1956.05;385.22;14.71;26.1950728;153.3945705
1956.06;380.16;14.79;25.70555556;150.528028
1956.07;397.86;14.79;26.90078474;157.5271179
1956.08;396.94;14.95;26.545572;155.4470432
1956.09;382.04;15.01;25.45652174;149.0697219
1956.1;375.77;14.68;25.59404872;149.8750601
1956.11;371.87;14.41;25.80455978;151.1077825
1956.12;376.03;14.09;26.68965517;156.2907735
1957.01;367.85;14.06;26.15925881;153.1848489
1957.02;350.71;13.98;25.07889438;146.8583905
1957.03;353.95;13.91;25.45086705;149.0366089
1957.04;360.85;13.86;26.04046243;152.4891944
1957.05;373.37;13.81;27.04046243;158.3450503
1957.06;378.17;13.76;27.48554913;160.9514138
1957.07;383.08;13.74;27.87931034;163.2572227
1957.08;361.99;13.82;26.19428571;153.3899614
1957.09;347.3;13.9;24.98863636;146.3298526
1957.1;325.67;13.98;23.29943503;136.438133
1957.11;317.52;14.01;22.66853933;132.7436988
1957.12;317.36;14.09;22.53072626;131.9366853
1958.01;321.31;13.93;23.05798702;135.0242483
1958.02;322.41;13.88;23.22322097;135.9918345
1958.03;326.76;13.73;23.79096045;139.3164351
1958.04;327.41;13.58;24.10242106;141.1403035
1958.05;337.93;13.48;25.06696954;146.7885603
1958.06;346.05;13.38;25.86705202;151.4737281
1958.07;354.33;13.33;26.57803468;155.63714
1958.08;368.86;13.38;27.57225434;161.459147
1958.09;378.6;13.38;28.30057803;165.7241056
1958.1;393.99;13.43;29.33775559;171.7976679
1958.11;404.58;13.43;30.11478033;176.3478128
1958.12;413.63;13.53;30.56571429;178.988417
1959.01;428.62;13.54;31.66217901;185.4091564
1959.02;423.53;13.64;31.06055021;181.8861048
1959.03;434.28;13.69;31.72881356;185.7993587
1959.04;440.03;13.69;32.13877648;188.2000424
1959.05;446.65;13.74;32.50099533;190.3211438
1959.06;441.28;13.75;32.10055866;187.9762444
1959.07;457.22;13.75;33.25040213;194.709562
1959.08;454.62;13.8;32.93906273;192.8864034
1959.09;435.14;13.81;31.51933702;184.5726942
1959.1;433.28;13.81;31.37608922;183.7338558
1959.11;435.03;13.86;31.38762594;183.8014131
1959.12;448.94;13.91;32.27322404;188.987348
1960.01;442.61;14.24;31.08744449;182.0435938
1960.02;424.01;14.47;29.30653118;171.6148223
1960.03;418.23;14.75;28.36082474;166.0769016
1960.04;422.19;14.72;28.67757921;167.9317701
1960.05;418.33;14.75;28.36638978;166.1094897
1960.06;432.31;14.72;29.36410256;171.951952
1960.07;421.59;14.72;28.63589744;167.6876877
1960.08;426.65;14.72;28.97948718;169.6996997
1960.09;413.82;14.72;28.10769231;164.5945946
1960.1;402.94;14.62;27.55384615;161.3513514
1960.11;415.99;14.62;28.44615385;166.5765766
1960.12;425.96;14.62;29.12820513;170.5705706
1961.01;447.86;14.6;30.67802966;179.6461196
1961.02;466.24;14.57;31.99147854;187.337487
1961.03;480.86;14.55;33.05154639;193.5450915
1961.04;493.68;14.55;33.93298969;198.7066964
1961.05;498.71;14.55;34.27835052;200.7290796
1961.06;492.11;14.55;33.82474227;198.0728151
1961.07;487.49;14.5;33.61638079;196.8526803
1961.08;506.68;14.6;34.70483738;203.2265252
1961.09;501.04;14.6;34.31632653;200.9514617
1961.1;506.56;14.75;34.34343434;201.1102011
1961.11;529.5;14.9;35.54;208.1171171
1961.12;534.42;15.05;35.51485149;207.969851
1962.01;514.53;15.1;34.08053605;199.5707066
1962.02;521.36;15.1;34.53448284;202.2289536
1962.03;521.88;15.15;34.45588235;201.7686804
1962.04;503.57;15.15;33.24913152;194.7021215
1962.05;466.13;15.19;30.67699785;179.6400775
1962.06;411.66;15.24;27.00485437;158.1365346
1962.07;420.19;15.24;27.56608457;161.4230178
1962.08;431.62;15.29;28.22512576;165.282268
1962.09;426.38;15.29;27.88461538;163.2882883
1962.1;412.93;15.41;26.79010049;156.8789668
1962.11;441.37;15.54;28.41013945;166.3656815
1962.12;460.49;15.66;29.4084507;172.2116483
1963.01;478.28;15.71;30.44925047;178.3064217
1963.02;484.6;15.76;30.75587987;180.1019992
1963.03;481.18;15.75;30.54418605;178.8623507
1963.04;503.82;15.88;31.73533579;185.8375519
1963.05;513.93;16;32.12523989;188.1207741
1963.06;512.03;16.07;31.86818182;186.6154791
1963.07;502.8;16.04;31.34800507;183.569399
1963.08;516.7;16.06;32.16611455;188.3601303
1963.09;530.31;16.09;32.9638009;193.0312666
1963.1;529.9;16.2;32.70004881;191.4867723
1963.11;526.92;16.37;32.18015926;188.4423741
1963.12;536.43;16.49;32.53070175;190.4951004
1964.01;552.92;16.61;33.28732469;194.9257752
1964.02;559.72;16.73;33.45393869;195.9014428
1964.03;569.91;16.85;33.81974249;198.0435371
1964.04;578.16;16.97;34.06529252;199.4814427
1964.05;583.8;17.09;34.15519627;200.0079061
1964.06;578.46;17.16;33.71428571;197.4259974
1964.07;598.01;17.25;34.675;203.0518018
1964.08;591.14;17.45;33.88429752;198.4215621
1964.09;599.37;17.53;34.18442623;200.1790725
1964.1;609.72;17.68;34.49186992;201.9794184
1964.11;611.99;17.76;34.4516129;201.7436792
1964.12;601.39;17.91;33.584;196.6630631
1965.01;616.86;18.03;34.21982223;200.3863464
1965.02;621.38;18.15;34.24346611;200.5248015
1965.03;619.96;18.21;34.05098039;199.3976329
1965.04;626.1;18.29;34.22957198;200.4434395
1965.05;635.43;18.43;34.47104247;201.8574559
1965.06;601.42;18.46;32.58237548;190.7976942
1965.07;600.5;18.58;32.32610111;189.2969885
1965.08;611.67;18.69;32.7200917;191.6041406
1965.09;632.11;18.81;33.60150376;196.7655626
1965.1;644.29;18.89;34.10074627;199.6890547
1965.11;649.65;19.03;34.12962963;199.8581915
1965.12;644.65;19.12;33.72426471;197.484433
1966.01;655.83;19.26;34.05839416;199.4410469
1966.02;647.33;19.28;33.58333333;196.6591592
1966.03;618.78;19.35;31.97122302;187.2188735
1966.04;633.77;19.35;32.75323867;191.7982445
1966.05;600.42;19.47;30.84600811;180.6297772
1966.06;593.6;19.52;30.40989399;178.0759558
1966.07;590.26;19.6;30.11929825;176.374269
1966.08;551.18;19.61;28.1010453;164.5556707
1966.09;531.78;19.75;26.92387543;157.6623336
1966.1;523.92;19.59;26.75031994;156.6460177
1966.11;550.14;19.54;28.15408093;164.8662397
1966.12;552.45;19.5;28.33797909;165.9431208
1967.01;573.65;19.56;29.32291667;171.7107733
1967.02;593.41;19.63;30.2283737;177.0129992
1967.03;605.57;19.64;30.83448276;180.5622864
1967.04;614.13;19.58;31.36551724;183.6719478
1967.05;623.26;19.52;31.92758621;186.9633427
1967.06;613.6;19.46;31.52758621;184.6210003
1967.07;622.33;19.45;31.99881652;187.3804571
1967.08;630.35;19.44;32.43367555;189.9269289
1967.09;637.25;19.42;32.81164384;192.1402567
1967.1;634.37;19.36;32.76027397;191.8394422
1967.11;612.66;19.31;31.73287671;185.8231519
1967.12;628.25;19.25;32.6369863;191.1174874
1968.01;622.86;19.2;32.43686007;189.945577
1968.02;593.01;19.21;30.86734694;180.7547343
1968.03;580.46;19.22;30.2;176.8468468
1968.04;621.52;19.25;32.28462574;189.0541147
1968.05;633.97;19.28;32.87902253;192.5348166
1968.06;647.26;19.26;33.61204013;196.827262
1968.07;642.27;19.23;33.39626348;195.5637051
1968.08;626.45;19.26;32.522616;190.4477513
1968.09;644.98;19.29;33.43234323;195.7749829
1968.1;657.15;19.27;34.1073758;199.7278763
1968.11;665.39;19.3;34.48196894;201.9214397
1968.12;670.44;19.33;34.69055375;203.1428823
1969.01;640.31;19.33;33.11688312;193.9276939
1969.02;633.61;19.29;32.84789644;192.3525467
1969.03;614.73;19.19;32.03225806;187.576286
1969.04;623.65;19.15;32.57234727;190.7389705
1969.05;642.2;19.16;33.52564103;196.3213213
1969.06;605.35;19.11;31.67412141;185.4790893
1969.07;575.16;19.05;30.19444188;176.8142993
1969.08;568.85;18.99;29.96185574;175.4523084
1969.09;569.3;18.97;30.0031746;175.6942657
1969.1;572.3;18.89;30.29178678;177.384337
1969.11;573.36;18.81;30.47832051;178.4766516
1969.12;540.09;18.73;28.83227848;168.8376668
1970.01;533.93;18.7;28.54902903;167.1789988
1970.02;512.59;18.62;27.52418155;161.1776397
1970.03;518.63;18.55;27.96529968;163.7607639
1970.04;498.91;18.42;27.08511248;158.6065145
1970.05;440.36;18.39;23.94331171;140.2085821
1970.06;435.38;18.32;23.77044025;139.1962717
1970.07;433.9;18.24;23.78641234;139.289802
1970.08;446.5;18.26;24.45185727;143.1865516
1970.09;470.79;18.19;25.88714734;151.5914033
1970.1;478.56;18;26.5872128;155.6908858
1970.11;475.63;17.81;26.69902144;156.345621
1970.12;505.64;17.63;28.67834395;167.9362484
1971.01;524.96;17.58;29.86900958;174.9086147
1971.02;543.92;17.48;31.125;182.2635135
1971.03;556.47;17.38;32.02572347;187.5380203
1971.04;574.03;17.31;33.15447086;194.1478024
1971.05;563.42;17.21;32.7390255;191.7150142
1971.06;548.9;17.06;32.16774194;188.36966
1971.07;543.6;17;31.96982565;187.2106908
1971.08;532.63;16.94;31.4353787;184.0810465
1971.09;544.46;16.93;32.16828479;188.3728389
1971.1;531.6;16.85;31.55354763;184.7730266
1971.11;506.96;16.81;30.15598033;176.589074
1971.12;539.24;16.69;32.3029316;189.1613111
1972.01;561.69;16.69;33.64820847;197.0390586
1972.02;569.25;16.61;34.26710098;200.6632039
1972.03;581.37;16.57;35.08143322;205.4318162
1972.04;585.9;16.53;35.43973941;207.5300056
1972.05;578.58;16.49;35.08143322;205.4318162
1972.06;578.8;16.45;35.17915309;206.0040497
1972.07;571.77;16.39;34.88073197;204.2565386
1972.08;590.63;16.37;36.07796741;211.2673767
1972.09;580.73;16.35;35.51948052;207.996958
1972.1;579.04;16.4;35.31690152;206.8106846
1972.11;606.67;16.48;36.81232749;215.5676835
1972.12;617.86;16.56;37.3015873;218.4327184
1973.01;621.13;16.56;37.50788014;219.6407396
1973.02;594.91;16.48;36.10119716;211.4034068
1973.03;580.12;16.36;35.45741325;207.633501
1973.04;565.37;16.33;34.61293451;202.6883552
1973.05;545.72;16.31;33.4651753;195.9672428
1973.06;529.88;16.28;32.54658385;190.5881036
1973.07;533.73;16.33;32.6879169;191.4157296
1973.08;514.35;16.12;31.9057704;186.8355924
1973.09;522.11;16.17;32.29357798;189.1065377
1973.1;538.12;16.21;33.20561169;194.4472756
1973.11;496.62;16.28;30.50850499;178.6534076
1973.12;458.47;16.35;28.04142012;164.2065142
1974.01;460.92;16.31;28.26764706;165.5312666
1974.02;442.46;16.19;27.3245614;160.0086929
1974.03;455.56;16.08;28.3255814;165.8705217
1974.04;430.48;16.11;26.72254335;156.483362
1974.05;412.34;16;25.76724138;150.8892513
1974.06;409.52;15.96;25.65428571;150.2277992
1974.07;358.79;15.97;22.4674221;131.5659852
1974.08;339.83;15.91;21.35674157;125.0620002
1974.09;300.86;15.86;18.97493036;111.1144571
1974.1;303.69;15.72;19.32469325;113.1626181
1974.11;311.31;15.61;19.94622804;116.8022363
1974.12;288.8;15.5;18.63055556;109.0978478
1975.01;311.24;15.54;20.02577739;117.2680658
1975.02;340.97;15.52;21.965245;128.6253086
1975.03;355.28;15.56;22.82833787;133.679456
1975.04;357.91;15.56;23.00092579;134.690106
1975.05;378.49;15.53;24.37328731;142.7264572
1975.06;385.25;15.47;24.90566038;145.8439572
1975.07;381.36;15.3;24.92991914;145.986013
1975.08;352.75;15.27;23.10242588;135.2844759
1975.09;346.56;15.19;22.82210243;133.6429421
1975.1;360.54;15.06;23.93783784;140.1765279
1975.11;364;14.91;24.40921409;142.9368393
1975.12;357.17;14.82;24.10326087;141.1452213
1976.01;389.32;14.8;26.29685638;153.9906004
1976.02;402.91;14.77;27.28749793;159.7916546
1976.03;404.18;14.75;27.39837398;160.4409287
1976.04;405.93;14.79;27.44167634;160.6945011
1976.05;400.29;14.78;27.08293748;158.593778
1976.06;400.53;14.79;27.07446809;158.5441825
1976.07;407.82;14.83;27.49340369;160.997409
1976.08;402.19;14.87;27.04188482;158.3533796
1976.09;409.33;14.94;27.4025974;160.4656605
1976.1;393.31;15.12;26.01699913;152.3517967
1976.11;389.94;15.35;25.405879;148.7731653
1976.12;402.04;15.55;25.85185185;151.3847181
1977.01;396.54;15.65;25.33765229;148.3736395
1977.02;381.92;15.67;24.37652806;142.7454346
1977.03;377.85;15.74;24.00954654;140.5964437
1977.04;368.93;15.82;23.32415752;136.5829044
1977.05;366.02;15.95;22.94966921;134.3899548
1977.06;365.56;16.05;22.77293578;133.3550293
1977.07;367.1;16.14;22.73825814;133.1519621
1977.08;356.95;16.26;21.94986673;128.5352556
1977.09;350.25;16.38;21.38444444;125.2242242
1977.1;340.08;16.53;20.57204055;120.4669041
1977.11;340.38;16.66;20.43643095;119.6727939
1977.12;337.63;16.81;20.08993576;117.643768
1978.01;322.71;16.85;19.14782118;112.1268808
1978.02;316.14;16.9;18.70636391;109.5417706
1978.03;313.08;16.92;18.50416667;108.3577327
1978.04;324.24;16.92;19.16814668;112.245904
1978.05;337.51;16.89;19.98838576;117.0491058
1978.06;334.74;16.83;19.89002037;116.4730922
1978.07;330.6;16.83;19.64756088;115.0532845
1978.08;351.81;16.87;20.84951227;122.0917385
1978.09;349.17;16.87;20.69721116;121.1998851
1978.1;335.05;16.77;19.97351425;116.9620204
1978.11;314.03;16.76;18.7420968;109.7510173
1978.12;317.26;16.74;18.9566075;111.007161
1979.01;326.26;16.73;19.50001271;114.1892636
1979.02;317.69;16.68;19.04911503;111.5488718
1979.03;320.49;16.65;19.25;112.7252252
1979.04;323.19;16.61;19.45996222;113.9547337
1979.05;311.72;16.54;18.84069197;110.3283764
1979.06;314.36;16.51;19.04494382;111.5244458
1979.07;313.97;16.5;19.03025384;111.4384234
1979.08;325.23;16.51;19.69438857;115.3275006
1979.09;325.34;16.51;19.70961887;115.4166871
1979.1;310.56;16.51;18.80622747;110.1265573
1979.11;305.34;16.5;18.50685218;108.3734587
1979.12;314.1;16.46;19.07964602;111.7276569
1980.01;318.56;16.37;19.45614035;113.9323534
1980.02;326.58;16.29;20.05217391;117.42264
1980.03;292.12;16.18;18.05172414;105.7082945
1980.04;284.18;16.13;17.61686567;103.161826
1980.05;294.24;16.1;18.27489721;107.0151639
1980.06;309.68;16.05;19.29292929;112.976613
1980.07;323.74;16.17;20.02229528;117.247675
1980.08;331.33;16.17;20.4922453;119.9996347
1980.09;336.55;16.15;20.84019769;122.0371937
1980.1;343.13;16.08;21.3442623;124.9889233
1980.11;354.69;16.02;22.137031;129.6312626
1980.12;345.71;15.95;21.67207792;126.9085644
1981.01;341.64;15.93;21.4516129;125.617553
1981.02;326.45;15.86;20.57692308;120.4954955
1981.03;336.36;15.86;21.21019108;124.2038217
1981.04;337.1;15.84;21.27703363;124.595242
1981.05;327.76;15.81;20.72928685;121.3877158
1981.06;326.34;15.76;20.70422535;121.2409593
1981.07;314.97;15.7;20.06736791;117.5116139
1981.08;313.79;15.68;20.01028306;117.1773332
1981.09;283.67;15.63;18.14417178;106.2496546
1981.1;286.65;15.69;18.27147012;106.9950953
1981.11;293.13;15.73;18.64004987;109.1534452
1981.12;294.33;15.76;18.67269985;109.3446388
1982.01;277.99;15.78;17.61261261;103.1369207
1982.02;270.49;15.8;17.11509716;100.2235419
1982.03;262.03;15.89;16.48809524;96.55190905
1982.04;273.88;15.9;17.22962963;100.8942276
1982.05;271.54;15.82;17.16814159;100.5341625
1982.06;252.74;15.69;16.10866373;94.33001283
1982.07;250.76;15.64;16.03322718;93.88826726
1982.08;250.93;15.64;16.04582348;93.96202938
1982.09;279.41;15.64;17.86861314;104.6360229
1982.1;302;15.6;19.35341791;113.3308256
1982.11;314.93;15.65;20.12142794;117.8281816
1982.12;319.19;15.73;20.29112082;118.8218786
1983.01;329.74;15.73;20.96369054;122.76035
1983.02;335.11;15.74;21.28563495;124.6456101
1983.03;346.75;15.77;21.98263386;128.7271352
1983.04;357.43;15.68;22.78901734;133.4492006
1983.05;369.69;15.61;23.67965368;138.6646387
1983.06;373.74;15.59;23.97694524;140.4055352
1983.07;373.59;15.57;23.99425287;140.5068862
1983.08;362.21;15.57;23.26647564;136.2451276
1983.09;371.06;15.53;23.88571429;139.8712999
1983.1;371.07;15.56;23.85490754;139.6909
1983.11;364.81;15.59;23.39943343;137.0237093
1983.12;362.69;15.64;23.18758815;135.7831739
1984.01;364.94;15.62;23.37078652;136.8559571
1984.02;343.3;15.6;22;128.8288288
1984.03;342.85;15.64;21.92200557;128.3721047
1984.04;341.62;15.66;21.81819189;127.7641867
1984.05;338.46;15.71;21.55044883;126.196322
1984.06;329.94;15.75;20.94391245;122.6445324
1984.07;324.38;15.74;20.60455482;120.657303
1984.08;351.58;15.73;22.34706736;130.8612052
1984.09;353.53;15.71;22.50677507;131.7964306
1984.1;349.76;15.77;22.18034993;129.884932
1984.11;352.94;15.88;22.23262032;130.1910199
1984.12;349.12;15.98;21.84594954;127.9267315
1985.01;363.5;16.04;22.65846068;132.6846796
1985.02;381.39;16.06;23.75053665;139.0797191
1985.03;376.81;16.09;23.42036554;137.1462847
1985.04;377.56;16.07;23.49521965;137.5846196
1985.05;385.1;16.07;23.97148832;140.3735802
1985.06;392.34;16.08;24.40568475;142.916172
1985.07;399.07;16.11;24.76416156;145.0153605
1985.08;389.64;16.15;24.12039961;141.2455833
1985.09;379.9;16.18;23.48214286;137.5080438
1985.1;382.82;16.16;23.68956743;138.7226922
1985.11;404.93;16.16;25.06345178;146.7679609
1985.12;423.86;16.15;26.24050633;153.6606226
1986.01;424.53;16.19;26.22166247;153.5502757
1986.02;448.6;16.32;27.49373434;160.9993452
1986.03;477.16;16.47;28.96508728;169.615376
1986.04;489.76;16.56;29.57745254;173.2012986
1986.05;489.44;16.57;29.54171327;172.9920146
1986.06;500.64;16.53;30.28395062;177.3384496
1986.07;490.23;16.62;29.49653275;172.727444
1986.08;499.11;16.68;29.92669791;175.2464292
1986.09;483.26;16.69;28.95504253;169.5565553
1986.1;481;16.71;28.78737721;168.5747314
1986.11;496.15;16.73;29.66116566;173.6915106
1986.12;502.78;16.75;30.02415459;175.8171215
1987.01;531.57;16.68;31.86746988;186.6113101
1987.02;562.51;16.66;33.76201923;197.705518
1987.03;583.12;16.63;35.07194245;205.3762395
1987.04;573.67;16.66;34.44047619;201.6784642
1987.05;571.25;16.72;34.17257683;200.1096842
1987.06;593.46;16.78;35.37558685;207.1543374
1987.07;608.98;16.82;36.19842949;211.9727853
1987.08;643.48;16.83;38.24304886;223.9457816
1987.09;619.33;16.83;36.80138568;215.5036098
1987.1;543.1;16.88;32.16991963;188.3824123
1987.11;474.46;16.96;27.96803653;163.7767905
1987.12;466.72;17.06;27.35527809;160.1885654
1988.01;483.85;17.11;28.28376805;165.6256688
1988.02;497.25;17.15;28.9891535;169.7563043
1988.03;509.69;17.17;29.68715084;173.8436761
1988.04;501.16;17.26;29.03797606;170.0422021
1988.05;487.09;17.38;28.02990586;164.1390884
1988.06;512.68;17.48;29.32827736;171.7421647
1988.07;507.5;17.55;28.91474609;169.3205852
1988.08;495.23;17.62;28.10302952;164.56729
1988.09;499.94;17.65;28.32980973;165.8952822
1988.1;515.75;17.76;29.04712042;170.0957502
1988.11;503.44;17.91;28.1120332;164.6200142
1988.12;512.8;18.05;28.41726619;166.4074146
1989.01;526.68;18.11;29.08289031;170.3052135
1989.02;540.32;18.19;29.70696204;173.9596876
1989.03;534.86;18.24;29.32865731;171.7443897
1989.04;548.81;18.31;29.97015872;175.5009295
1989.05;566.65;18.4;30.79473772;180.3295452
1989.06;582.92;18.55;31.42718447;184.0330622
1989.07;596.25;18.73;31.84212294;186.4628821
1989.08;621.66;18.92;32.8633601;192.4430997
1989.09;620.92;19.08;32.54920337;190.6034432
1989.1;618.13;19.21;32.17649837;188.4209364
1989.11;603.88;19.39;31.14443437;182.3773184
1989.12;617.81;19.58;31.54751131;184.7376789
1990.01;596.36;19.54;30.51795332;178.7087357
1990.02;576.95;19.61;29.42564559;172.3123391
1990.03;587.72;19.66;29.89929329;175.0859517
1990.04;586.32;19.83;29.56971854;173.1560095
1990.05;605.84;19.98;30.31601361;177.5262058
1990.06;620.02;20.08;30.88174807;180.8390653
1990.07;617.02;20.1;30.70173195;179.7849168
1990.08;561.67;20.01;28.06938633;164.3702803
1990.09;531.18;19.94;26.63935811;155.9962412
1990.1;514.12;19.97;25.75062675;150.7919584
1990.11;526.62;20.07;26.24507837;153.6873959
1990.12;549.1;20.21;27.16942149;159.1002159
1991.01;540.42;20.1;26.8851132;157.4353476
1991.02;600.58;20.08;29.90597112;175.1250561
1991.03;616.28;20.06;30.71617162;179.8694734
1991.04;627.6;20.05;31.30090684;183.2935986
1991.05;622.96;20.01;31.13591433;182.3274263
1991.06;621.62;19.97;31.13497942;182.3219516
1991.07;623.89;20.01;31.18351882;182.6061913
1991.08;637.07;20.02;31.82230503;186.3468313
1991.09;630.7;20;31.53094463;184.6406667
1991.1;629.26;19.93;31.57353529;184.8900715
1991.11;625.88;19.83;31.56370893;184.8325298
1991.12;629.62;19.77;31.84508197;186.4802097
1992.01;673.32;19.81;33.99346405;199.0608255
1992.02;665.22;19.8;33.59609121;196.7338674
1992.03;653.53;19.77;33.06493506;193.6234936
1992.04;652.68;19.74;33.06899351;193.6472593
1992.05;663.58;19.71;33.66964286;197.1645753
1992.06;650.79;19.64;33.1387987;194.0560284
1992.07;660.18;19.63;33.62552964;196.9062546
1992.08;662.88;19.61;33.79478762;197.897405
1992.09;661.87;19.6;33.7756255;197.7851944
1992.1;650.11;19.52;33.30184795;195.0108213
1992.11;665.47;19.49;34.14598693;199.9539775
1992.12;686.1;19.5;35.18901454;206.0617969
1993.01;682.09;19.45;35.06158717;205.3156005
1993.02;689.81;19.44;35.48731792;207.8086185
1993.03;700.57;19.42;36.07051282;211.2237237
1993.04;687.64;19.39;35.46540946;207.6803257
1993.05;690.05;19.38;35.60091791;208.4738436
1993.06;693.44;19.38;35.78753994;209.5666753
1993.07;692.25;19.38;35.72603834;209.2065308
1993.08;700.89;19.32;36.27236422;212.4057364
1993.09;707.32;19.28;36.68051118;214.7957862
1993.1;711.55;19.23;36.99362041;216.6293087
1993.11;709.51;19.25;36.85429936;215.8134647
1993.12;714.2;19.28;37.03895072;216.8947564
1994.01;723.01;19.3;37.46959987;219.4165758
1994.02;718.4;19.3;37.22990203;218.0129398
1994.03;704.16;19.3;36.49173879;213.6903623
1994.04;678.07;19.34;35.06778638;205.3519022
1994.05;683.17;19.39;35.23564669;206.334868
1994.06;686.8;19.39;35.4228972;207.43138
1994.07;679.78;19.38;35.07381507;205.3872054
1994.08;696.3;19.35;35.9875969;210.73818
1994.09;698.51;19.34;36.11446249;211.4810867
1994.1;693.33;19.45;35.64122859;208.7098971
1994.11;688.22;19.55;35.20047035;206.1288804
1994.12;679.53;19.68;34.53641882;202.2402904
1995.01;691.78;19.6;35.29969651;206.7099345
1995.02;713.72;19.52;36.56449165;214.1163926
1995.03;727.94;19.45;37.41654021;219.1058661
1995.04;747.26;19.48;38.35222339;224.5850919
1995.05;769.13;19.54;39.36438035;230.5121372
1995.06;790.39;19.59;40.34031414;236.2270648
1995.07;816.8;19.7;41.47098214;242.8480936
1995.08;817.2;19.75;41.38490007;242.3440094
1995.09;844.28;19.81;42.61929308;249.5724369
1995.1;847.57;19.85;42.7047619;250.0729301
1995.11;866.47;19.96;43.40597668;254.1791427
1995.12;894.75;20.08;44.56635243;260.9741358
1996.01;889.32;20.11;44.2241944;258.9705077
1996.02;937.12;20.19;46.406653;271.7506707
1996.03;928.76;20.24;45.89148936;268.7339467
1996.04;925.34;20.24;45.71474991;267.6989859
1996.05;943.63;20.28;46.52191961;272.4256554
1996.06;953.4;20.35;46.84653118;274.326534
1996.07;916.8;20.5;44.72708333;261.9153529
1996.08;941.49;20.64;45.60770819;267.0721651
1996.09;955.78;20.76;46.03547067;269.5770805
1996.1;990.29;20.81;47.58887381;278.6735854
1996.11;1036.62;20.88;49.64035088;290.6867394
1996.12;1047.3;21;49.88255034;292.1050245
1997.01;1076.28;21;51.24086322;300.059109
1997.02;1117.95;21.01;53.20223633;311.5446272
1997.03;1106.45;21.04;52.6002656;308.0195734
1997.04;1065.69;21.06;50.61384853;296.3874013
1997.05;1162.9;21.12;55.07414043;322.5062277
1997.06;1221.67;21.14;57.80277045;338.4846918
1997.07;1288.38;21.19;60.80753383;356.080153
1997.08;1288.68;21.23;60.70986624;355.5082257
1997.09;1299.05;21.25;61.12328767;357.929162
1997.1;1315.38;21.28;61.81702379;361.9915808
1997.11;1299.26;21.37;60.79788646;356.0236595
1997.12;1333.36;21.48;62.0883871;363.5806452
1998.01;1332.26;21.5;61.95241158;362.7843921
1998.02;1413.13;21.53;65.62435897;384.2867868
1998.03;1483.67;21.56;68.80702875;402.9240423
1998.04;1529.57;21.66;70.61587302;413.5163735
1998.05;1521.57;21.76;69.9318612;409.5108989
1998.06;1519.66;21.87;69.49153605;406.9324183
1998.07;1583.78;21.93;72.21087989;422.8565039
1998.08;1469.75;22;66.81588977;391.2642194
1998.09;1394.22;22.06;63.19752322;370.0755864
1998.1;1406.94;22.03;63.86399203;373.9783317
1998.11;1559.5;22.05;70.7167265;414.106957
1998.12;1622.66;22.09;73.45987654;430.1704482
1999.01;1698.58;22.15;76.69007166;449.0860052
1999.02;1693.54;22.23;76.1657841;446.0158528
1999.03;1735.92;22.28;77.91246201;456.2441469
1999.04;1794.79;22.01;81.53695785;477.4686721
1999.05;1791.17;21.9;81.77225292;478.8465261
1999.06;1778.37;21.8;81.5885256;477.7706454
1999.07;1851.38;21.84;84.75797872;496.330506
1999.08;1775.4;21.9;81.05984124;474.674746
1999.09;1754.53;21.91;80.08323208;468.9558635
1999.1;1727.27;21.88;78.94797571;462.3079659
1999.11;1847.07;21.87;84.43949818;494.4655299
1999.12;1897.11;21.88;86.69174757;507.6543777
2000.01;1887.4;21.94;86.01709574;503.7037138
2000.02;1827.95;21.94;83.3322;487.9813514
2000.03;1882.63;21.88;86.05071599;503.9005891
2000.04;1906.52;21.84;87.29749104;511.2015241
2000.05;1848.42;21.79;84.83732057;496.7951205
2000.06;1895.13;21.65;87.54251497;512.6363489
2000.07;1905.02;21.44;88.84197829;520.2458188
2000.08;1921.13;21.29;90.24665857;528.471424
2000.09;1888.78;21.02;89.84394125;526.1131695
2000.1;1785.46;20.96;85.19754852;498.9045634
2000.11;1768.9;20.91;84.57692308;495.2702703
2000.12;1709.41;20.9;81.80270436;479.0248454
2001.01;1704.67;20.64;82.59925788;483.689348
2001.02;1659.9;20.43;81.25388923;475.8110631
2001.03;1504.06;20.26;74.25485285;434.8257149
2001.04;1503.15;20.06;74.94268318;438.8535502
2001.05;1597.66;19.85;80.48806758;471.3265219
2001.06;1555.21;19.7;78.94901211;462.3140349
2001.07;1516.46;19.78;76.6839983;449.0504405
2001.08;1483.79;19.8;74.95230019;438.909866
2001.09;1309.35;19.73;66.36848793;388.6442987
2001.1;1353.95;19.8;68.39834816;400.5308676
2001.11;1423.12;19.83;71.77128335;420.2822899
2001.12;1448.05;19.91;72.74015248;425.9558478
2002.01;1438.82;19.86;72.45562381;424.289689
2002.02;1383.46;19.78;69.95783898;409.6630211
2002.03;1442.11;19.66;73.34965035;429.5249795
2002.04;1382.06;19.68;70.24194567;411.3267089
2002.05;1341.45;19.8;67.74952919;396.7314772
2002.06;1259.67;19.91;63.25764192;370.4276329
2002.07;1121.24;19.79;56.65141066;331.7424948
2002.08;1128.6;19.63;57.5015753;336.7209364
2002.09;1071.49;19.5;54.95946802;321.8347226
2002.1;1053.47;19.58;53.80671563;315.0843708
2002.11;1121.63;19.69;56.95368245;333.5125549
2002.12;1110.83;19.85;55.95395146;327.6582743
2003.01;1101.83;19.83;55.57320099;325.4286545
2003.02;1021.63;19.74;51.76437848;303.1247388
2003.03;1027.18;19.68;52.19667078;305.6561802
2003.04;1082.18;19.7;54.92882123;321.6552595
2003.05;1139.89;19.71;57.82289951;338.6025647
2003.06;1201.96;19.67;61.10080396;357.7975007
2003.07;1206.17;19.82;60.85469037;356.356295
2003.08;1197.95;19.91;60.15379939;352.2519784
2003.09;1230.16;20.02;61.4490657;359.8368712
2003.1;1254.79;20.36;61.62131699;360.8455499
2003.11;1271.72;20.74;61.3139965;359.0459254
2003.12;1310.38;21.09;62.14146061;363.891436
2004.01;1366.61;21.24;64.34772727;376.8110156
2004.02;1372.28;21.38;64.19764177;375.9321365
2004.03;1340.39;21.49;62.37402886;365.2533221
2004.04;1347.26;21.65;62.22693997;364.3919908
2004.05;1303.28;21.75;59.91198841;350.8359682
2004.06;1334.48;21.91;60.90107527;356.6279182
2004.07;1304.84;22.17;58.86355571;344.6964974
2004.08;1284.21;22.38;57.39318342;336.0862092
2004.09;1315.3;22.55;58.33298539;341.5895541
2004.1;1307.88;22.54;58.02683518;339.7967826
2004.11;1367.73;22.64;60.42074431;353.8151694
2004.12;1408.31;22.83;61.6877572;361.2346142
2005.01;1384.49;23.09;59.95990526;351.1165623
2005.02;1397.78;23.26;60.08163606;351.8294004
2005.03;1381.47;23.39;59.06574394;345.8804826
2005.04;1337.25;23.5;56.90324157;333.2171804
2005.05;1354.54;23.79;56.93090675;333.3791837
2005.06;1381.39;24.05;57.44147157;336.3689777
2005.07;1397.89;24.15;57.88948532;338.9924816
2005.08;1393.08;24.23;57.48646111;336.6324299
2005.09;1378.12;24.15;57.0726257;334.2090694
2005.1;1337.25;24.37;54.86161399;321.2617036
2005.11;1399.44;24.85;56.3123483;329.7569946
2005.12;1433.17;25.23;56.79882988;332.6057606
2006.01;1441.11;25.26;57.06068719;334.1391592
2006.02;1435.87;25.42;56.48893805;330.7910787
2006.03;1447.08;25.49;56.76788065;332.4245263
2006.04;1444.22;25.52;56.59968125;331.4395749
2006.05;1423.67;25.63;55.54801206;325.2811517
2006.06;1380.28;25.82;53.46288396;313.0709421
2006.07;1383.98;25.98;53.26458157;311.9097119
2006.08;1410.76;26.17;53.90075377;315.6350446
2006.09;1451.4;26.54;54.6780083;320.1865351
2006.1;1509.86;26.98;55.9679803;327.7404252
2006.11;1540.12;27.31;56.40292445;330.2873954
2006.12;1568.6;27.55;56.93006431;333.3742505
2007.01;1572.37;27.69;56.77714286;332.4787645
2007.02;1586.67;27.77;57.136831;334.5850464
2007.03;1531.16;27.74;55.19615536;323.2207296
2007.04;1582.57;27.81;56.91406351;333.2805521
2007.05;1624.01;27.88;58.24771939;341.0902487
2007.06;1624.14;28.07;57.85976309;338.8184325
2007.07;1631.55;28.36;57.52275879;336.8449839
2007.08;1563.51;28.7;54.47334914;318.9880806
2007.09;1604.77;28.91;55.5105673;325.0618806
2007.1;1646.84;29.12;56.55663034;331.187475
2007.11;1556.02;29.22;53.25937159;311.879203
2007.12;1573.91;29.51;53.34367111;312.3728489
2008.01;1459.76;29.56;49.38252149;289.1769276
2008.02;1430.32;29.68;48.19886162;282.245586
2008.03;1378.33;29.62;46.53498233;272.5021488
2008.04;1425.7;29.58;48.19376392;282.2157347
2008.05;1447.58;29.48;49.10942604;287.57772
2008.06;1369.85;29.32;46.71717172;273.5690236
2008.07;1277.43;29.22;43.72307871;256.0360465
2008.08;1307.18;29.38;44.49033677;260.5289991
2008.09;1243.08;29.47;42.18197574;247.0115696
2008.1;999.7;29.61;33.76001859;197.6938025
2008.11;929;30.03;30.93682121;181.1615656
2008.12;932.88;30.18;30.91088411;181.0096817
2009.01;916.16;29.65;30.90253481;180.9607894
2009.02;848.07;29.1;29.14332248;170.6590956
2009.03;795.47;28.63;27.78458716;162.7025374
2009.04;888.88;27.98;31.76988388;186.0398606
2009.05;943.02;27.32;34.51778656;202.1311826
2009.06;959.56;26.51;36.19069949;211.9275195
2009.07;971.15;25.97;37.39291422;218.9675157
2009.08;1045.5;25.33;41.27524186;241.7018667
2009.09;1080.88;24.73;43.70502092;255.9303027
2009.1;1103.73;24.19;45.61999715;267.1441275
2009.11;1124.04;23.66;47.50014552;278.1540053
2009.12;1149.11;23.19;49.54841589;290.1483813
2010.01;1158.81;22.94;50.51311254;295.7975059
2010.02;1123.03;22.76;49.33534652;288.9006778
2010.03;1183.02;22.5;52.58101324;307.9068343
2010.04;1227.37;22.5;54.53932584;319.3744306
2010.05;1152.41;22.53;51.14684043;299.508525
2010.06;1110.78;22.6;49.15426497;287.8402904
2010.07;1106.89;22.7;48.75677303;285.5126349
2010.08;1113.02;22.78;48.85919712;286.1124156
2010.09;1147.98;22.88;50.18246869;293.8613032
2010.1;1197.13;22.97;52.10882135;305.1417466
2010.11;1224.52;23.09;53.03258626;310.5511808
2010.12;1265.9;23.18;54.62076551;319.8513296
2011.01;1301.6;23.3;55.85513137;327.0795981
2011.02;1334.09;23.42;56.95301049;333.50862
2011.03;1310.86;23.54;55.67605634;326.0309605
